{"cameraMode":{"drawMode":0,"name":"Shaded","section":"Shading Mode"},"sceneLighting":false,"audioPlay":false,"sceneViewState":{"m_AlwaysRefresh":false,"showFog":true,"showSkybox":false,"showFlares":true,"showImageEffects":true,"showParticleSystems":true,"showVisualEffectGraphs":true,"m_FxEnabled":true},"in2DMode":false,"pivot":{"x":-0.009499818086624146,"y":1.6005704402923585,"z":14.417448043823243},"rotation":{"x":-0.0071448273956775669,"y":0.9845479726791382,"z":-0.17001834511756898,"w":-0.041375402361154559},"size":1.970641016960144,"orthographic":false}