{"cameraMode":{"drawMode":0,"name":"Shaded","section":"Shading Mode"},"sceneLighting":true,"audioPlay":false,"sceneViewState":{"m_AlwaysRefresh":false,"showFog":true,"showSkybox":true,"showFlares":true,"showImageEffects":true,"showParticleSystems":true,"showVisualEffectGraphs":true,"m_FxEnabled":true},"in2DMode":false,"pivot":{"x":10.989128112792969,"y":12.567861557006836,"z":-12.493715286254883},"rotation":{"x":-0.030714068561792375,"y":0.9444140195846558,"z":-0.09237328916788101,"w":-0.31401729583740237},"size":22.251710891723634,"orthographic":false}