{"cameraMode":{"drawMode":0,"name":"Shaded","section":"Shading Mode"},"sceneLighting":true,"audioPlay":false,"sceneViewState":{"m_AlwaysRefresh":false,"showFog":true,"showSkybox":true,"showFlares":true,"showImageEffects":true,"showParticleSystems":true,"showVisualEffectGraphs":true,"m_FxEnabled":true},"in2DMode":false,"pivot":{"x":60.81378173828125,"y":423.26910400390627,"z":-225.63693237304688},"rotation":{"x":0.04086657613515854,"y":-0.035787466913461688,"z":0.0014263269258663059,"w":0.9986099600791931},"size":428.3577880859375,"orthographic":true}