{"cameraMode":{"drawMode":0,"name":"Shaded","section":"Shading Mode"},"sceneLighting":true,"audioPlay":false,"sceneViewState":{"m_AlwaysRefresh":false,"showFog":true,"showSkybox":true,"showFlares":true,"showImageEffects":true,"showParticleSystems":true,"showVisualEffectGraphs":true,"m_FxEnabled":true},"in2DMode":false,"pivot":{"x":0.22001218795776368,"y":-0.21754014492034913,"z":2.1759557723999025},"rotation":{"x":-0.009882512502372265,"y":-0.9898797273635864,"z":0.11223623156547547,"w":-0.08736246079206467},"size":9.67428970336914,"orthographic":false}