{"cameraMode":{"drawMode":0,"name":"Shaded","section":"Shading Mode"},"sceneLighting":true,"audioPlay":false,"sceneViewState":{"m_AlwaysRefresh":false,"showFog":true,"showSkybox":true,"showFlares":true,"showImageEffects":true,"showParticleSystems":true,"showVisualEffectGraphs":true,"m_FxEnabled":true},"in2DMode":false,"pivot":{"x":510.4107971191406,"y":341.88336181640627,"z":14.591262817382813},"rotation":{"x":-0.007101074326783419,"y":0.01067966129630804,"z":0.000042047264287248254,"w":1.0000065565109254},"size":334.0898742675781,"orthographic":false}