{"cameraMode":{"drawMode":0,"name":"Shaded","section":"Shading Mode"},"sceneLighting":true,"audioPlay":false,"sceneViewState":{"m_AlwaysRefresh":false,"showFog":true,"showSkybox":true,"showFlares":true,"showImageEffects":true,"showParticleSystems":true,"showVisualEffectGraphs":true,"m_FxEnabled":true},"in2DMode":false,"pivot":{"x":23.04006576538086,"y":4.243197441101074,"z":84.50985717773438},"rotation":{"x":0.006543107330799103,"y":-0.13220418989658357,"z":-0.0008774918387643993,"w":-0.9912154078483582},"size":48.868675231933597,"orthographic":false}