{"cameraMode":{"drawMode":0,"name":"Shaded","section":"Shading Mode"},"sceneLighting":true,"audioPlay":false,"sceneViewState":{"m_AlwaysRefresh":false,"showFog":true,"showSkybox":true,"showFlares":true,"showImageEffects":true,"showParticleSystems":true,"showVisualEffectGraphs":true,"m_FxEnabled":true},"in2DMode":false,"pivot":{"x":0.16228103637695313,"y":-11.204384803771973,"z":58.64733123779297},"rotation":{"x":0.17534784972667695,"y":-0.11180885136127472,"z":0.020011363551020623,"w":0.9780223965644836},"size":85.34982299804688,"orthographic":false}