{"cameraMode":{"drawMode":0,"name":"Shaded","section":"Shading Mode"},"sceneLighting":false,"audioPlay":false,"sceneViewState":{"m_AlwaysRefresh":false,"showFog":true,"showSkybox":false,"showFlares":true,"showImageEffects":true,"showParticleSystems":true,"showVisualEffectGraphs":true,"m_FxEnabled":true},"in2DMode":false,"pivot":{"x":0.3953155279159546,"y":2.2203280925750734,"z":1.4294239282608033},"rotation":{"x":-0.08047762513160706,"y":-0.5812639594078064,"z":0.05746477469801903,"w":-0.8083211183547974},"size":0.9192600846290588,"orthographic":true}