{"cameraMode":{"drawMode":0,"name":"Shaded","section":"Shading Mode"},"sceneLighting":true,"audioPlay":false,"sceneViewState":{"m_AlwaysRefresh":false,"showFog":true,"showSkybox":true,"showFlares":true,"showImageEffects":true,"showParticleSystems":true,"showVisualEffectGraphs":true,"m_FxEnabled":true},"in2DMode":false,"pivot":{"x":4.390321731567383,"y":3.9272842407226564,"z":11.829883575439454},"rotation":{"x":-0.008437816984951496,"y":0.9592581391334534,"z":-0.2810393273830414,"w":-0.02878545969724655},"size":60.622440338134769,"orthographic":false}