{"cameraMode":{"drawMode":0,"name":"Shaded","section":"Shading Mode"},"sceneLighting":false,"audioPlay":false,"sceneViewState":{"m_AlwaysRefresh":false,"showFog":true,"showSkybox":false,"showFlares":true,"showImageEffects":true,"showParticleSystems":true,"showVisualEffectGraphs":true,"m_FxEnabled":true},"in2DMode":false,"pivot":{"x":-0.010884284973144532,"y":2.543940544128418,"z":-0.010884284973144532},"rotation":{"x":-0.0071448273956775669,"y":0.9845479726791382,"z":-0.17001834511756898,"w":-0.041375402361154559},"size":12.12435531616211,"orthographic":false}