{"cameraMode":{"drawMode":0,"name":"Shaded","section":"Shading Mode"},"sceneLighting":false,"audioPlay":false,"sceneViewState":{"m_AlwaysRefresh":false,"showFog":true,"showSkybox":false,"showFlares":true,"showImageEffects":true,"showParticleSystems":true,"showVisualEffectGraphs":true,"m_FxEnabled":true},"in2DMode":false,"pivot":{"x":-3.7760000228881838,"y":1.6419999599456788,"z":-0.7110000252723694},"rotation":{"x":0.1356375813484192,"y":0.3951354920864105,"z":-0.05910777300596237,"w":0.9066441059112549},"size":0.12527045607566834,"orthographic":true}