{"cameraMode":{"drawMode":0,"name":"Shaded","section":"Shading Mode"},"sceneLighting":false,"audioPlay":false,"sceneViewState":{"m_AlwaysRefresh":false,"showFog":true,"showSkybox":false,"showFlares":true,"showImageEffects":true,"showParticleSystems":true,"showVisualEffectGraphs":true,"m_FxEnabled":true},"in2DMode":false,"pivot":{"x":90.20344543457031,"y":4.2856550216674809,"z":-0.0008077621459960938},"rotation":{"x":0.13134044408798219,"y":-0.7775492072105408,"z":0.17305850982666017,"w":0.5901085734367371},"size":8.7036714553833,"orthographic":true}