{"cameraMode":{"drawMode":0,"name":"Shaded","section":"Shading Mode"},"sceneLighting":false,"audioPlay":false,"sceneViewState":{"m_AlwaysRefresh":false,"showFog":true,"showSkybox":false,"showFlares":true,"showImageEffects":true,"showParticleSystems":true,"showVisualEffectGraphs":true,"m_FxEnabled":true},"in2DMode":false,"pivot":{"x":-4.440000057220459,"y":1.5700000524520875,"z":-0.6800000071525574},"rotation":{"x":0.003342317184433341,"y":-0.9872309565544128,"z":-0.03341836482286453,"w":-0.16093771159648896},"size":3.0000171661376955,"orthographic":false}