{"cameraMode":{"drawMode":0,"name":"Shaded","section":"Shading Mode"},"sceneLighting":true,"audioPlay":false,"sceneViewState":{"m_AlwaysRefresh":false,"showFog":true,"showSkybox":true,"showFlares":true,"showImageEffects":true,"showParticleSystems":true,"showVisualEffectGraphs":true,"m_FxEnabled":true},"in2DMode":false,"pivot":{"x":-0.13991212844848634,"y":1.620313048362732,"z":1.0894173383712769},"rotation":{"x":-0.10417328774929047,"y":-0.8965450525283814,"z":0.29949820041656496,"w":-0.310916930437088},"size":2.6943914890289308,"orthographic":true}