{"cameraMode":{"drawMode":0,"name":"Shaded","section":"Shading Mode"},"sceneLighting":true,"audioPlay":false,"sceneViewState":{"m_AlwaysRefresh":false,"showFog":true,"showSkybox":true,"showFlares":true,"showImageEffects":true,"showParticleSystems":true,"showVisualEffectGraphs":true,"m_FxEnabled":true},"in2DMode":false,"pivot":{"x":-0.4346311390399933,"y":1.8202552795410157,"z":0.11458510160446167},"rotation":{"x":-0.10615580528974533,"y":-0.7433772683143616,"z":0.12085232883691788,"w":-0.6497876644134522},"size":1.6609840393066407,"orthographic":true}