{"cameraMode":{"drawMode":0,"name":"Shaded","section":"Shading Mode"},"sceneLighting":true,"audioPlay":false,"sceneViewState":{"m_AlwaysRefresh":false,"showFog":true,"showSkybox":true,"showFlares":true,"showImageEffects":true,"showParticleSystems":true,"showVisualEffectGraphs":true,"m_FxEnabled":true},"in2DMode":false,"pivot":{"x":-2.2476539611816408,"y":1.1253705024719239,"z":-0.6871453523635864},"rotation":{"x":0.21085689961910249,"y":0.5743518471717835,"z":-0.15618324279785157,"w":0.7754539251327515},"size":1.1601027250289918,"orthographic":true}